<?xml version='1.0' encoding='utf-8'?>
<recipes><recipe><title>Посикунчики</title><description>Посикунчики - веселое название уральских маленьких пирожков с мясом. Немного надкусишь посикунчик — и из него брызнет горячий бульон. А в народе говорят, что пирожки "сикают". Очень вкусно! Пробуем?</description><ingredients>- тесто - 500 г;
- фарш (свинина, говядина) — 450 г;
- лук репчатый — 1 шт.;
- соль — по вкусу;
- перец чёрный молотый — по вкусу;
- вода — 100 мл.</ingredients><steps>1. Из теста сформировать колбаски и нарезать в длину по пять сантиметров.
2. Раскатать скалкой.
3. В центр каждой лепёшки положить небольшой кусочек сливочного масла и добавить ложку фарша.
4. Аккуратно соединить края теста «гребешком» или придавить по периметру вилкой, чтобы в процессе приготовления посикунчики не развалились.
5. Обжарить в глубокой сковороде до появления золотистого цвета.</steps><colories>True</colories></recipe><recipe><title>фывфв</title><description>фывфы</description><ingredients>- фывфы</ingredients><steps>1. 1фывфыв
2. фывфыв
3. фыв
4. фвыфыв</steps><colories>True</colories></recipe><recipe><title>Пельмешки</title><description>Вкусные, домашние</description><ingredients>Мясо
Побольше мяса
Немного теста
лук</ingredients><steps>Сварил
Съел
Довольный</steps><colories>True</colories></recipe><recipe><title>1</title><description>Вкусные, домашние</description><ingredients>Мясо

Побольше мяса

Немного теста

лук</ingredients><steps>Сварил

Съел

Довольный</steps><colories>True</colories></recipe><recipe><title>1</title><description>Вкусные, домашние</description><ingredients>Мясо

Побольше мяса
Немного теста
лук</ingredients><steps>Сварил

Съел

Довольный</steps><colories>True</colories></recipe><recipe><title>1</title><description>Вкусные, домашние</description><ingredients>Мясо

Побольше мяса
Немного теста
лук</ingredients><steps>Сварил

Съел

Довольный</steps><colories>True</colories></recipe><recipe><title>Блюдо</title><description>Вкусное</description><ingredients>1
2
3
</ingredients><steps>первый
второй
Третий</steps><colories>True</colories></recipe><recipe><title /><description /><ingredients /><steps /><colories>True</colories></recipe><recipe><title>sdfsdf</title><description>sdfsdf</description><ingredients>sdfsdf</ingredients><steps>sdfsdf</steps><colories>True</colories></recipe><recipe><title>sdfsdf</title><description>sdfsdf</description><ingredients>sdfsdf</ingredients><steps>sdfsdf</steps><colories>True</colories></recipe><recipe><title>фыв</title><description>фыв</description><ingredients>фыв</ingredients><steps>фыв</steps><colories>True</colories></recipe><recipe><title>1</title><description>1</description><ingredients>1</ingredients><steps>1</steps><colories /></recipe><recipe><title>1</title><description>Вкусные, домашние</description><ingredients>Мясо

Побольше мяса
Немного теста
лук</ingredients><steps>Сварил

Съел

Довольный</steps><colories>True</colories></recipe></recipes>